Metric,Value
Net visit uplift,1.6802214721987132
Adjusted net visit uplift (net - placebo),0.5136963483487487
Net spend uplift ($),87.837454497252
Net txn uplift,1.8122584658053857
Net 30d return uplift,0.17115151267958928
Pre-trend (visits),0.3369408369408369
Placebo uplift (visits),1.1665251238499645
Placebo ratio,0.6942686682389952
