net_visit_uplift,net_spend_uplift,net_txn_uplift,net_return_30d
1.6802214721987132,87.837454497252,1.8122584658053857,0.17115151267958928
