segment,net_visit_uplift,net_spend_uplift,net_txn_uplift,net_return_30d
Regular Visitor,1.5538248528902734,48.932156455520946,1.0598823122187606,0.21529941156109378
At Risk / Dormant,0.5656565656565656,3.15151515151515,-0.1111111111111111,0.2828282828282829
New or Occasional Visitor,0.13586862575626618,100.66266205704405,2.1294727744165947,0.02290406222990493
Core Community,NA,NA,NA,NA
High Value Frequent Visitor,NA,NA,NA,NA
Highly Engaged Event Lover,NA,NA,NA,NA
