segment,Control,Treated,diff
New or Occasional Visitor,0.6435643564356436,0.3666323377960865,-0.2769320186395571
Regular Visitor,0.26732673267326734,0.3305870236869207,0.06326029101365338
Core Community,NA,0.12049433573635428,NA
Highly Engaged Event Lover,NA,0.1101956745623069,NA
High Value Frequent Visitor,NA,0.0607621009268795,NA
At Risk / Dormant,0.0891089108910891,0.01132852729145211,-0.07778038359963699
