activity_type,n_users,avg_visit_uplift,avg_spend_uplift,return_30d_rate,n_events,total_estimated_cost,uplift_per_dollar
Family Workshop,194,2.2010309278350517,102.2422680412371,0.9278350515463918,9,85500,0.23198830409356724
Tech Talk,226,1.924778761061947,106.53982300884957,0.8761061946902655,15,264400,0.09106656580937973
New Model Launch,99,2.717171717171717,103.8080808080808,0.9090909090909091,2,113300,0.09070609002647838
Movie Night,108,1.5092592592592593,71.09259259259258,0.9166666666666666,8,113200,0.06782685512367491
Art Exhibition,223,2.1704035874439462,96.24663677130043,0.9013452914798207,14,327300,0.06557592422853652
Coffee Tasting,74,0.5945945945945946,22.094594594594604,0.8513513513513513,7,32500,0.05030769230769231
Owner Salon,47,0.44680851063829785,-1.4893617021276548,0.7872340425531915,13,155400,-4.5045045045045046e-4
