n_runs,visit_mean,visit_p05,visit_p95,spend_mean,spend_p05,spend_p95
30,1.759897532634141,1.526835989419666,1.993084491490333,85.05894729291771,78.667891454213,90.79417140605628
