is_treated,n_users,mean_days,median_days
0,98,20.622448979591837,13
1,1020,13.830392156862745,9
