segment,n,avg_visits_per_month,median_days_since_last,avg_events_30d,avg_spend_30d,retention30_rate,pct
New or Occasional Visitor,464,1.046875,4,1.4698275862068966,151.56034482758622,0.39870689655172414,0.4098939929328622
Regular Visitor,355,2.9936619718309863,7,0.8112676056338028,68.00563380281692,0.9661971830985916,0.3136042402826855
Core Community,117,7.912393162393163,0,2.8290598290598292,263.1709401709402,1,0.10335689045936396
Highly Engaged Event Lover,107,4.829439252336448,4,2.7289719626168223,117.3644859813084,1,0.09452296819787986
High Value Frequent Visitor,59,4.9025423728813555,1,1.423728813559322,276.7457627118644,1,0.052120141342756186
At Risk / Dormant,30,0.575,75,0.3333333333333333,0,0.6666666666666666,0.026501766784452298
