win,net_visit_uplift,net_spend_uplift,net_return_rate
14,0.5265277777777778,26.87618827160493,0.11802469135802474
30,1.6802214721987132,87.837454497252,0.17115151267958928
60,4.047033183352081,215.25091394825645,0.1391310461192351
